[{"model": "salones.clasifservicio", "pk": 1, "fields": {"cvetiposervicio": 1, "cveclasifservicio": "1", "descclasifservicio": "MENU", "bandactivo": true}}, {"model": "salones.clasifservicio", "pk": 2, "fields": {"cvetiposervicio": 1, "cveclasifservicio": "2", "descclasifservicio": "MESA DE DULCES", "bandactivo": true}}, {"model": "salones.clasifservicio", "pk": 3, "fields": {"cvetiposervicio": 1, "cveclasifservicio": "3", "descclasifservicio": "CHILAQUILES", "bandactivo": true}}, {"model": "salones.clasifservicio", "pk": 4, "fields": {"cvetiposervicio": 1, "cveclasifservicio": "4", "descclasifservicio": "FUENTE CHOCOLATE", "bandactivo": true}}, {"model": "salones.clasifservicio", "pk": 5, "fields": {"cvetiposervicio": 2, "cveclasifservicio": "1", "descclasifservicio": "PERSONAJES RECEPCION", "bandactivo": true}}, {"model": "salones.clasifservicio", "pk": 6, "fields": {"cvetiposervicio": 2, "cveclasifservicio": "2", "descclasifservicio": "MOMENTOS TEMATICOS", "bandactivo": true}}, {"model": "salones.clasifservicio", "pk": 7, "fields": {"cvetiposervicio": 2, "cveclasifservicio": "3", "descclasifservicio": "ANIMACION EN CENA", "bandactivo": true}}, {"model": "salones.clasifservicio", "pk": 8, "fields": {"cvetiposervicio": 3, "cveclasifservicio": "1", "descclasifservicio": "ARREGLO POR MESA", "bandactivo": true}}, {"model": "salones.clasifservicio", "pk": 9, "fields": {"cvetiposervicio": 3, "cveclasifservicio": "2", "descclasifservicio": "DECORACION ENTRADA", "bandactivo": true}}, {"model": "salones.clasifservicio", "pk": 10, "fields": {"cvetiposervicio": 4, "cveclasifservicio": "1", "descclasifservicio": "PROFESIONAL", "bandactivo": true}}, {"model": "salones.clasifservicio", "pk": 11, "fields": {"cvetiposervicio": 4, "cveclasifservicio": "2", "descclasifservicio": "LINEAL", "bandactivo": true}}, {"model": "salones.clasifservicio", "pk": 12, "fields": {"cvetiposervicio": 5, "cveclasifservicio": "1", "descclasifservicio": "COCTELERIA", "bandactivo": true}}, {"model": "salones.clasifservicio", "pk": 13, "fields": {"cvetiposervicio": 5, "cveclasifservicio": "2", "descclasifservicio": "BRINDIS", "bandactivo": true}}, {"model": "salones.clasifservicio", "pk": 14, "fields": {"cvetiposervicio": 5, "cveclasifservicio": "3", "descclasifservicio": "BOTELLA LABRADA", "bandactivo": true}}, {"model": "salones.clasifservicio", "pk": 15, "fields": {"cvetiposervicio": 5, "cveclasifservicio": "4", "descclasifservicio": "BOTELLA SIN LABRAR", "bandactivo": true}}, {"model": "salones.clasifservicio", "pk": 16, "fields": {"cvetiposervicio": 5, "cveclasifservicio": "5", "descclasifservicio": "TEQUILADA", "bandactivo": true}}, {"model": "salones.clasifservicio", "pk": 17, "fields": {"cvetiposervicio": 5, "cveclasifservicio": "6", "descclasifservicio": "VINO", "bandactivo": true}}, {"model": "salones.clasifservicio", "pk": 18, "fields": {"cvetiposervicio": 6, "cveclasifservicio": "1", "descclasifservicio": "CIVIL", "bandactivo": true}}, {"model": "salones.clasifservicio", "pk": 19, "fields": {"cvetiposervicio": 6, "cveclasifservicio": "2", "descclasifservicio": "RELIGIOSA", "bandactivo": true}}, {"model": "salones.clasifservicio", "pk": 20, "fields": {"cvetiposervicio": 6, "cveclasifservicio": "3", "descclasifservicio": "PAPELERIA", "bandactivo": true}}, {"model": "salones.clasifservicio", "pk": 21, "fields": {"cvetiposervicio": 6, "cveclasifservicio": "4", "descclasifservicio": "VIDEO Y FOTOGRAFIA", "bandactivo": true}}, {"model": "salones.clasifservicio", "pk": 22, "fields": {"cvetiposervicio": 7, "cveclasifservicio": "1", "descclasifservicio": "ILUMINACION", "bandactivo": true}}, {"model": "salones.clasifservicio", "pk": 23, "fields": {"cvetiposervicio": 7, "cveclasifservicio": "2", "descclasifservicio": "ESTRADO", "bandactivo": true}}, {"model": "salones.clasifservicio", "pk": 24, "fields": {"cvetiposervicio": 7, "cveclasifservicio": "3", "descclasifservicio": "GRANDSUPPORT", "bandactivo": true}}, {"model": "salones.clasifservicio", "pk": 25, "fields": {"cvetiposervicio": 8, "cveclasifservicio": "1", "descclasifservicio": "COORDINADORES", "bandactivo": true}}, {"model": "salones.clasifservicio", "pk": 26, "fields": {"cvetiposervicio": 8, "cveclasifservicio": "2", "descclasifservicio": "PERSONAL DE RECEPCION", "bandactivo": true}}, {"model": "salones.clasifservicio", "pk": 27, "fields": {"cvetiposervicio": 8, "cveclasifservicio": "3", "descclasifservicio": "MAESTRO DE CEREMONIAS", "bandactivo": true}}, {"model": "salones.clasifservicio", "pk": 28, "fields": {"cvetiposervicio": 8, "cveclasifservicio": "4", "descclasifservicio": "PERSONAL DE SERVICIO", "bandactivo": true}}, {"model": "salones.clasifservicio", "pk": 29, "fields": {"cvetiposervicio": 8, "cveclasifservicio": "5", "descclasifservicio": "PERSONAL DE SEGURIDAD", "bandactivo": true}}, {"model": "salones.clasifservicio", "pk": 30, "fields": {"cvetiposervicio": 9, "cveclasifservicio": "1", "descclasifservicio": "SALON", "bandactivo": true}}, {"model": "salones.clasifservicio", "pk": 31, "fields": {"cvetiposervicio": 9, "cveclasifservicio": "2", "descclasifservicio": "RECINTO", "bandactivo": true}}, {"model": "salones.clasifservicio", "pk": 32, "fields": {"cvetiposervicio": 9, "cveclasifservicio": "3", "descclasifservicio": "JARDIN", "bandactivo": true}}, {"model": "salones.clasifservicio", "pk": 33, "fields": {"cvetiposervicio": 9, "cveclasifservicio": "4", "descclasifservicio": "OTRO", "bandactivo": true}}, {"model": "salones.clasifservicio", "pk": 34, "fields": {"cvetiposervicio": 10, "cveclasifservicio": "1", "descclasifservicio": "MESA", "bandactivo": true}}, {"model": "salones.clasifservicio", "pk": 35, "fields": {"cvetiposervicio": 10, "cveclasifservicio": "2", "descclasifservicio": "SILLA", "bandactivo": true}}, {"model": "salones.clasifservicio", "pk": 36, "fields": {"cvetiposervicio": 11, "cveclasifservicio": "1", "descclasifservicio": "GRUPO MUSICAL", "bandactivo": true}}, {"model": "salones.clasifservicio", "pk": 37, "fields": {"cvetiposervicio": 11, "cveclasifservicio": "2", "descclasifservicio": "MARIACHI", "bandactivo": true}}, {"model": "salones.clasifservicio", "pk": 38, "fields": {"cvetiposervicio": 11, "cveclasifservicio": "3", "descclasifservicio": "DJ", "bandactivo": true}}, {"model": "salones.clasifservicio", "pk": 39, "fields": {"cvetiposervicio": 11, "cveclasifservicio": "4", "descclasifservicio": "BANDA", "bandactivo": true}}, {"model": "salones.clasifservicio", "pk": 40, "fields": {"cvetiposervicio": 11, "cveclasifservicio": "5", "descclasifservicio": "VIOLINES", "bandactivo": true}}, {"model": "salones.clasifservicio", "pk": 41, "fields": {"cvetiposervicio": 11, "cveclasifservicio": "6", "descclasifservicio": "OTRO", "bandactivo": true}}, {"model": "salones.clasifservicio", "pk": 42, "fields": {"cvetiposervicio": 12, "cveclasifservicio": "1", "descclasifservicio": "VASO", "bandactivo": true}}, {"model": "salones.clasifservicio", "pk": 43, "fields": {"cvetiposervicio": 12, "cveclasifservicio": "2", "descclasifservicio": "COPIAS BRINDIS", "bandactivo": true}}, {"model": "salones.clasifservicio", "pk": 44, "fields": {"cvetiposervicio": 12, "cveclasifservicio": "3", "descclasifservicio": "AGITADORES", "bandactivo": true}}, {"model": "salones.clasifservicio", "pk": 45, "fields": {"cvetiposervicio": 12, "cveclasifservicio": "4", "descclasifservicio": "CENICEROS", "bandactivo": true}}, {"model": "salones.clasifservicio", "pk": 46, "fields": {"cvetiposervicio": 12, "cveclasifservicio": "5", "descclasifservicio": "TEQUILEROS", "bandactivo": true}}, {"model": "salones.clasifservicio", "pk": 47, "fields": {"cvetiposervicio": 12, "cveclasifservicio": "6", "descclasifservicio": "TARROS", "bandactivo": true}}, {"model": "salones.clasifservicio", "pk": 48, "fields": {"cvetiposervicio": 12, "cveclasifservicio": "7", "descclasifservicio": "RECUERDOS", "bandactivo": true}}, {"model": "salones.clasifservicio", "pk": 49, "fields": {"cvetiposervicio": 13, "cveclasifservicio": "1", "descclasifservicio": "MAPPING", "bandactivo": true}}, {"model": "salones.clasifservicio", "pk": 50, "fields": {"cvetiposervicio": 13, "cveclasifservicio": "2", "descclasifservicio": "PANTALLA", "bandactivo": true}}, {"model": "salones.clasifservicio", "pk": 51, "fields": {"cvetiposervicio": 13, "cveclasifservicio": "3", "descclasifservicio": "GRAFITTI", "bandactivo": true}}, {"model": "salones.clasifservicio", "pk": 52, "fields": {"cvetiposervicio": 14, "cveclasifservicio": "1", "descclasifservicio": "CABINA FOTOGRAFICA", "bandactivo": true}}, {"model": "salones.clasifservicio", "pk": 53, "fields": {"cvetiposervicio": 14, "cveclasifservicio": "2", "descclasifservicio": "VIDEO FILMACION", "bandactivo": true}}, {"model": "salones.clasifservicio", "pk": 54, "fields": {"cvetiposervicio": 14, "cveclasifservicio": "3", "descclasifservicio": "FOTOGRAFIA", "bandactivo": true}}, {"model": "salones.desgloseservicio", "pk": 1, "fields": {"cveclasifservicio": 1, "cvedesgloseservicio": "1", "descdesgloseservicio": "MENU SALON", "bandactivo": true, "datelastupdate": "2022-12-29T11:36:28.502Z"}}, {"model": "salones.desgloseservicio", "pk": 2, "fields": {"cveclasifservicio": 1, "cvedesgloseservicio": "2", "descdesgloseservicio": "MENU EXTERNO", "bandactivo": true, "datelastupdate": "2022-12-29T11:36:28.502Z"}}, {"model": "salones.desgloseservicio", "pk": 3, "fields": {"cveclasifservicio": 1, "cvedesgloseservicio": "3", "descdesgloseservicio": "MENU INFANTIL", "bandactivo": true, "datelastupdate": "2022-12-29T11:36:28.502Z"}}, {"model": "salones.desgloseservicio", "pk": 4, "fields": {"cveclasifservicio": 1, "cvedesgloseservicio": "4", "descdesgloseservicio": "PASTEL", "bandactivo": true, "datelastupdate": "2022-12-29T11:36:28.502Z"}}, {"model": "salones.desgloseservicio", "pk": 5, "fields": {"cveclasifservicio": 6, "cvedesgloseservicio": "1", "descdesgloseservicio": "PERFORMANCE", "bandactivo": true, "datelastupdate": "2022-12-29T11:36:28.502Z"}}, {"model": "salones.desgloseservicio", "pk": 6, "fields": {"cveclasifservicio": 6, "cvedesgloseservicio": "2", "descdesgloseservicio": "APERTURA PISTA", "bandactivo": true, "datelastupdate": "2022-12-29T11:36:28.502Z"}}, {"model": "salones.desgloseservicio", "pk": 7, "fields": {"cveclasifservicio": 6, "cvedesgloseservicio": "3", "descdesgloseservicio": "SALSA", "bandactivo": true, "datelastupdate": "2022-12-29T11:36:28.502Z"}}, {"model": "salones.desgloseservicio", "pk": 8, "fields": {"cveclasifservicio": 6, "cvedesgloseservicio": "4", "descdesgloseservicio": "BATUCADA", "bandactivo": true, "datelastupdate": "2022-12-29T11:36:28.502Z"}}, {"model": "salones.desgloseservicio", "pk": 9, "fields": {"cveclasifservicio": 6, "cvedesgloseservicio": "5", "descdesgloseservicio": "BANDA", "bandactivo": true, "datelastupdate": "2022-12-29T11:36:28.502Z"}}, {"model": "salones.desgloseservicio", "pk": 10, "fields": {"cveclasifservicio": 6, "cvedesgloseservicio": "6", "descdesgloseservicio": "MOMENTO DISCO", "bandactivo": true, "datelastupdate": "2022-12-29T11:36:28.502Z"}}, {"model": "salones.desgloseservicio", "pk": 11, "fields": {"cveclasifservicio": 6, "cvedesgloseservicio": "7", "descdesgloseservicio": "MARIACHI", "bandactivo": true, "datelastupdate": "2022-12-29T11:36:28.502Z"}}, {"model": "salones.desgloseservicio", "pk": 12, "fields": {"cveclasifservicio": 6, "cvedesgloseservicio": "8", "descdesgloseservicio": "TIMBIRICHE", "bandactivo": true, "datelastupdate": "2022-12-29T11:36:28.502Z"}}, {"model": "salones.desgloseservicio", "pk": 13, "fields": {"cveclasifservicio": 6, "cvedesgloseservicio": "9", "descdesgloseservicio": "PRESENTACION", "bandactivo": true, "datelastupdate": "2022-12-29T11:36:28.502Z"}}, {"model": "salones.desgloseservicio", "pk": 14, "fields": {"cveclasifservicio": 6, "cvedesgloseservicio": "10", "descdesgloseservicio": "PRODUCCION ", "bandactivo": true, "datelastupdate": "2022-12-29T11:36:28.502Z"}}, {"model": "salones.desgloseservicio", "pk": 15, "fields": {"cveclasifservicio": 6, "cvedesgloseservicio": "11", "descdesgloseservicio": "OTROS", "bandactivo": true, "datelastupdate": "2022-12-29T11:36:28.502Z"}}, {"model": "salones.desgloseservicio", "pk": 16, "fields": {"cveclasifservicio": 9, "cvedesgloseservicio": "1", "descdesgloseservicio": "OSCARES VOLUMETRICOS", "bandactivo": true, "datelastupdate": "2022-12-29T11:36:28.502Z"}}, {"model": "salones.desgloseservicio", "pk": 17, "fields": {"cveclasifservicio": 9, "cvedesgloseservicio": "2", "descdesgloseservicio": "LETRAS GIGANTES", "bandactivo": true, "datelastupdate": "2022-12-29T11:36:28.502Z"}}, {"model": "salones.desgloseservicio", "pk": 18, "fields": {"cveclasifservicio": 9, "cvedesgloseservicio": "3", "descdesgloseservicio": "FIGURA DE HIELO", "bandactivo": true, "datelastupdate": "2022-12-29T11:36:28.502Z"}}, {"model": "salones.desgloseservicio", "pk": 19, "fields": {"cveclasifservicio": 9, "cvedesgloseservicio": "4", "descdesgloseservicio": "GLOBOS", "bandactivo": true, "datelastupdate": "2022-12-29T11:36:28.502Z"}}, {"model": "salones.desgloseservicio", "pk": 20, "fields": {"cveclasifservicio": 9, "cvedesgloseservicio": "5", "descdesgloseservicio": "OTROS", "bandactivo": true, "datelastupdate": "2022-12-29T11:36:28.502Z"}}, {"model": "salones.desgloseservicio", "pk": 21, "fields": {"cveclasifservicio": 22, "cvedesgloseservicio": "1", "descdesgloseservicio": "ROBOTICAS", "bandactivo": true, "datelastupdate": "2022-12-29T11:36:28.502Z"}}, {"model": "salones.desgloseservicio", "pk": 22, "fields": {"cveclasifservicio": 22, "cvedesgloseservicio": "2", "descdesgloseservicio": "ROBOTICAS BEAM", "bandactivo": true, "datelastupdate": "2022-12-29T11:36:28.502Z"}}, {"model": "salones.desgloseservicio", "pk": 23, "fields": {"cveclasifservicio": 22, "cvedesgloseservicio": "3", "descdesgloseservicio": "REFLECTORES", "bandactivo": true, "datelastupdate": "2022-12-29T11:36:28.502Z"}}, {"model": "salones.desgloseservicio", "pk": 24, "fields": {"cveclasifservicio": 25, "cvedesgloseservicio": "1", "descdesgloseservicio": "COORDINADOR DE SERVICIO", "bandactivo": true, "datelastupdate": "2022-12-29T11:36:28.502Z"}}, {"model": "salones.desgloseservicio", "pk": 25, "fields": {"cveclasifservicio": 25, "cvedesgloseservicio": "2", "descdesgloseservicio": "COORDINADOR DE PERSONAL ARTISTICO", "bandactivo": true, "datelastupdate": "2022-12-29T11:36:28.502Z"}}, {"model": "salones.desgloseservicio", "pk": 26, "fields": {"cveclasifservicio": 25, "cvedesgloseservicio": "3", "descdesgloseservicio": "COORDINADOR MUSICAL", "bandactivo": true, "datelastupdate": "2022-12-29T11:36:28.502Z"}}, {"model": "salones.desgloseservicio", "pk": 27, "fields": {"cveclasifservicio": 25, "cvedesgloseservicio": "4", "descdesgloseservicio": "COORDINADOR DE PRODUCCION", "bandactivo": true, "datelastupdate": "2022-12-29T11:36:28.502Z"}}, {"model": "salones.desgloseservicio", "pk": 28, "fields": {"cveclasifservicio": 25, "cvedesgloseservicio": "5", "descdesgloseservicio": "COORDINADOR DE LOGISTICA", "bandactivo": true, "datelastupdate": "2022-12-29T11:36:28.502Z"}}, {"model": "salones.desgloseservicio", "pk": 29, "fields": {"cveclasifservicio": 26, "cvedesgloseservicio": "1", "descdesgloseservicio": "EDECANES HOMBRES", "bandactivo": true, "datelastupdate": "2022-12-29T11:36:28.502Z"}}, {"model": "salones.desgloseservicio", "pk": 30, "fields": {"cveclasifservicio": 26, "cvedesgloseservicio": "2", "descdesgloseservicio": "EDECANES MUJERES", "bandactivo": true, "datelastupdate": "2022-12-29T11:36:28.502Z"}}, {"model": "salones.desgloseservicio", "pk": 31, "fields": {"cveclasifservicio": 26, "cvedesgloseservicio": "3", "descdesgloseservicio": "HOSTESS", "bandactivo": true, "datelastupdate": "2022-12-29T11:36:28.502Z"}}, {"model": "salones.desgloseservicio", "pk": 32, "fields": {"cveclasifservicio": 28, "cvedesgloseservicio": "1", "descdesgloseservicio": "GERENTE SERVICIO", "bandactivo": true, "datelastupdate": "2022-12-29T11:36:28.502Z"}}, {"model": "salones.desgloseservicio", "pk": 33, "fields": {"cveclasifservicio": 28, "cvedesgloseservicio": "2", "descdesgloseservicio": "CAPITANES", "bandactivo": true, "datelastupdate": "2022-12-29T11:36:28.502Z"}}, {"model": "salones.desgloseservicio", "pk": 34, "fields": {"cveclasifservicio": 28, "cvedesgloseservicio": "3", "descdesgloseservicio": "MESEROS", "bandactivo": true, "datelastupdate": "2022-12-29T11:36:28.502Z"}}, {"model": "salones.desgloseservicio", "pk": 35, "fields": {"cveclasifservicio": 28, "cvedesgloseservicio": "4", "descdesgloseservicio": "MESEROS ESPECIALES", "bandactivo": true, "datelastupdate": "2022-12-29T11:36:28.502Z"}}, {"model": "salones.desgloseservicio", "pk": 36, "fields": {"cveclasifservicio": 34, "cvedesgloseservicio": "1", "descdesgloseservicio": "REDONDA", "bandactivo": true, "datelastupdate": "2022-12-29T11:36:28.502Z"}}, {"model": "salones.desgloseservicio", "pk": 37, "fields": {"cveclasifservicio": 34, "cvedesgloseservicio": "2", "descdesgloseservicio": "CUADRADA", "bandactivo": true, "datelastupdate": "2022-12-29T11:36:28.502Z"}}, {"model": "salones.desgloseservicio", "pk": 38, "fields": {"cveclasifservicio": 34, "cvedesgloseservicio": "3", "descdesgloseservicio": "ILUMINADA", "bandactivo": true, "datelastupdate": "2022-12-29T11:36:28.502Z"}}, {"model": "salones.desgloseservicio", "pk": 39, "fields": {"cveclasifservicio": 35, "cvedesgloseservicio": "1", "descdesgloseservicio": "PLEGABLE", "bandactivo": true, "datelastupdate": "2022-12-29T11:36:28.502Z"}}, {"model": "salones.desgloseservicio", "pk": 40, "fields": {"cveclasifservicio": 35, "cvedesgloseservicio": "2", "descdesgloseservicio": "TIFFANI", "bandactivo": true, "datelastupdate": "2022-12-29T11:36:28.502Z"}}, {"model": "salones.desgloseservicio", "pk": 41, "fields": {"cveclasifservicio": 35, "cvedesgloseservicio": "3", "descdesgloseservicio": "ACOGINADA", "bandactivo": true, "datelastupdate": "2022-12-29T11:36:28.502Z"}}, {"model": "salones.desgloseservicio", "pk": 42, "fields": {"cveclasifservicio": 50, "cvedesgloseservicio": "1", "descdesgloseservicio": "DE LEDS", "bandactivo": true, "datelastupdate": "2022-12-29T11:36:28.502Z"}}, {"model": "salones.desgloseservicio", "pk": 43, "fields": {"cveclasifservicio": 50, "cvedesgloseservicio": "2", "descdesgloseservicio": "DE TELA", "bandactivo": true, "datelastupdate": "2022-12-29T11:36:28.502Z"}}, {"model": "salones.tipopersona", "pk": 1, "fields": {"clave": "1", "descripcion": "Cliente", "bandactivo": true}}, {"model": "salones.tipopersona", "pk": 2, "fields": {"clave": "2", "descripcion": "Invitados", "bandactivo": true}}, {"model": "salones.personaprincipal", "pk": 1, "fields": {"cvetipopersona": 1, "nombre": "Adrian", "primer_apellido": "Aguilar", "segundo_apellido": "Garcia", "correo": "adrian@google.com", "telefono1": "12345688", "telefono2": "1232", "datestar": "2023-01-11T22:49:19.210Z", "bandactivo": true}}, {"model": "salones.personaprincipal", "pk": 2, "fields": {"cvetipopersona": 1, "nombre": "Alberto", "primer_apellido": "Perez", "segundo_apellido": "Ramirez", "correo": "vivadagon@gmail.com", "telefono1": "123456789", "telefono2": null, "datestar": "2023-01-12T02:04:28.167Z", "bandactivo": true}}, {"model": "salones.personaprincipal", "pk": 3, "fields": {"cvetipopersona": 1, "nombre": "Flor", "primer_apellido": "Flores", "segundo_apellido": "Flores", "correo": "fkrkr@algo.com", "telefono1": "1231332323", "telefono2": null, "datestar": "2023-01-13T03:08:06.279Z", "bandactivo": true}}, {"model": "salones.tipoactividad", "pk": 1, "fields": {"clave": "1", "descripcion": "Planear", "bandactivo": true}}, {"model": "salones.tipoactividad", "pk": 2, "fields": {"clave": "2", "descripcion": "Contratar", "bandactivo": true}}, {"model": "salones.tipoactividad", "pk": 3, "fields": {"clave": "3", "descripcion": "Comprar", "bandactivo": true}}, {"model": "salones.tipoactividad", "pk": 4, "fields": {"clave": "4", "descripcion": "Cotizar", "bandactivo": true}}, {"model": "salones.tipoactividad", "pk": 5, "fields": {"clave": "5", "descripcion": "Apartar", "bandactivo": true}}, {"model": "salones.tipoactividad", "pk": 6, "fields": {"clave": "6", "descripcion": "Invitar", "bandactivo": true}}, {"model": "salones.tipoactividad", "pk": 7, "fields": {"clave": "7", "descripcion": "Contactar", "bandactivo": true}}, {"model": "salones.tipoactividad", "pk": 8, "fields": {"clave": "8", "descripcion": "Reservar", "bandactivo": true}}, {"model": "salones.tipoevento", "pk": 1, "fields": {"clave": "1", "descripcion": "XV a±os", "bandactivo": true}}, {"model": "salones.tipoevento", "pk": 2, "fields": {"clave": "2", "descripcion": "Bodas", "bandactivo": true}}, {"model": "salones.tipoevento", "pk": 3, "fields": {"clave": "3", "descripcion": "Graduaciones\r\n", "bandactivo": true}}, {"model": "salones.tipoevento", "pk": 4, "fields": {"clave": "4", "descripcion": "Congreso", "bandactivo": true}}, {"model": "salones.tiposervicio", "pk": 1, "fields": {"clave": "1", "descripcion": "ALIMENTOS", "bandactivo": false}}, {"model": "salones.tiposervicio", "pk": 2, "fields": {"clave": "2", "descripcion": "ANIMACION", "bandactivo": false}}, {"model": "salones.tiposervicio", "pk": 3, "fields": {"clave": "3", "descripcion": "ARREGLOS FLORALES", "bandactivo": false}}, {"model": "salones.tiposervicio", "pk": 4, "fields": {"clave": "4", "descripcion": "AUDIO", "bandactivo": false}}, {"model": "salones.tiposervicio", "pk": 5, "fields": {"clave": "5", "descripcion": "BEBIDAS", "bandactivo": false}}, {"model": "salones.tiposervicio", "pk": 6, "fields": {"clave": "6", "descripcion": "CEREMONIA", "bandactivo": false}}, {"model": "salones.tiposervicio", "pk": 7, "fields": {"clave": "7", "descripcion": "ESCENARIO", "bandactivo": false}}, {"model": "salones.tiposervicio", "pk": 8, "fields": {"clave": "8", "descripcion": "GESTION DEL EVENTO", "bandactivo": false}}, {"model": "salones.tiposervicio", "pk": 9, "fields": {"clave": "9", "descripcion": "LUGAR", "bandactivo": false}}, {"model": "salones.tiposervicio", "pk": 10, "fields": {"clave": "10", "descripcion": "MOBILIARIO", "bandactivo": false}}, {"model": "salones.tiposervicio", "pk": 11, "fields": {"clave": "11", "descripcion": "MUSICA", "bandactivo": false}}, {"model": "salones.tiposervicio", "pk": 12, "fields": {"clave": "12", "descripcion": "SOUVENIERS", "bandactivo": false}}, {"model": "salones.tiposervicio", "pk": 13, "fields": {"clave": "13", "descripcion": "TECNOLOGIA", "bandactivo": false}}, {"model": "salones.tiposervicio", "pk": 14, "fields": {"clave": "14", "descripcion": "VIDEO Y FOTOGRAFIA", "bandactivo": false}}, {"model": "salones.historicalencevento", "pk": 1, "fields": {"folioevento": 1, "opcion": null, "nombre": "Eveno 01", "banaprovada": true, "cvetipoevento": 3, "cvepersona": 1, "history_date": "2023-01-12T00:29:39.987Z", "history_change_reason": null, "history_type": "+", "history_user": 1}}, {"model": "salones.historicalencevento", "pk": 2, "fields": {"folioevento": 2, "opcion": 1, "nombre": "evento2", "banaprovada": true, "cvetipoevento": 3, "cvepersona": 2, "history_date": "2023-01-13T02:38:15.765Z", "history_change_reason": null, "history_type": "+", "history_user": 1}}, {"model": "salones.historicalencevento", "pk": 3, "fields": {"folioevento": 3, "opcion": 1, "nombre": "Quince A±os", "banaprovada": true, "cvetipoevento": 1, "cvepersona": 1, "history_date": "2023-01-13T02:46:06.758Z", "history_change_reason": null, "history_type": "+", "history_user": 1}}, {"model": "salones.historicalencevento", "pk": 4, "fields": {"folioevento": 1, "opcion": 1, "nombre": "Eveno 09", "banaprovada": true, "cvetipoevento": 3, "cvepersona": 1, "history_date": "2023-01-26T20:48:36.353Z", "history_change_reason": null, "history_type": "~", "history_user": 1}}, {"model": "salones.historicalencevento", "pk": 5, "fields": {"folioevento": 2, "opcion": 1, "nombre": "Evento2", "banaprovada": true, "cvetipoevento": 2, "cvepersona": 2, "history_date": "2023-01-26T21:33:51.400Z", "history_change_reason": null, "history_type": "~", "history_user": 1}}, {"model": "salones.historicalencevento", "pk": 6, "fields": {"folioevento": 4, "opcion": 1, "nombre": "Congreso de venta de chocolates", "banaprovada": true, "cvetipoevento": 4, "cvepersona": 3, "history_date": "2023-02-01T03:07:54.644Z", "history_change_reason": null, "history_type": "+", "history_user": 1}}, {"model": "salones.historicalencevento", "pk": 7, "fields": {"folioevento": 4, "opcion": 1, "nombre": "Congreso de venta de chocolates Febrero", "banaprovada": true, "cvetipoevento": 4, "cvepersona": 3, "history_date": "2023-02-01T03:33:24.856Z", "history_change_reason": null, "history_type": "~", "history_user": 1}}, {"model": "salones.encevento", "pk": 1, "fields": {"cvetipoevento": 3, "cvepersona": 1, "opcion": 1, "nombre": "Eveno 09", "banaprovada": true}}, {"model": "salones.encevento", "pk": 2, "fields": {"cvetipoevento": 2, "cvepersona": 2, "opcion": 1, "nombre": "Evento2", "banaprovada": true}}, {"model": "salones.encevento", "pk": 3, "fields": {"cvetipoevento": 1, "cvepersona": 1, "opcion": 1, "nombre": "Quince A±os", "banaprovada": true}}, {"model": "salones.encevento", "pk": 4, "fields": {"cvetipoevento": 4, "cvepersona": 3, "opcion": 1, "nombre": "Congreso de venta de chocolates Febrero", "banaprovada": true}}, {"model": "salones.enceventoopcion", "pk": 1, "fields": {"evento": 1, "persona": 1, "numopcion": 1, "nombre": "Opcion 1", "monto": 0.0}}]
