[{"model": "salones.clasifservicio", "pk": 1, "fields": {"cvetiposervicio": 1, "cveclasifservicio": "1", "descclasifservicio": "MENU", "bandactivo": true}}, {"model": "salones.clasifservicio", "pk": 2, "fields": {"cvetiposervicio": 1, "cveclasifservicio": "2", "descclasifservicio": "MESA DE DULCES", "bandactivo": true}}, {"model": "salones.clasifservicio", "pk": 3, "fields": {"cvetiposervicio": 1, "cveclasifservicio": "3", "descclasifservicio": "CHILAQUILES", "bandactivo": true}}, {"model": "salones.clasifservicio", "pk": 4, "fields": {"cvetiposervicio": 1, "cveclasifservicio": "4", "descclasifservicio": "FUENTE CHOCOLATE", "bandactivo": true}}, {"model": "salones.clasifservicio", "pk": 5, "fields": {"cvetiposervicio": 2, "cveclasifservicio": "1", "descclasifservicio": "PERSONAJES RECEPCION", "bandactivo": true}}, {"model": "salones.clasifservicio", "pk": 6, "fields": {"cvetiposervicio": 2, "cveclasifservicio": "2", "descclasifservicio": "MOMENTOS TEMATICOS", "bandactivo": true}}, {"model": "salones.clasifservicio", "pk": 7, "fields": {"cvetiposervicio": 2, "cveclasifservicio": "3", "descclasifservicio": "ANIMACION EN CENA", "bandactivo": true}}, {"model": "salones.clasifservicio", "pk": 8, "fields": {"cvetiposervicio": 3, "cveclasifservicio": "1", "descclasifservicio": "ARREGLO POR MESA", "bandactivo": true}}, {"model": "salones.clasifservicio", "pk": 9, "fields": {"cvetiposervicio": 3, "cveclasifservicio": "2", "descclasifservicio": "DECORACION ENTRADA", "bandactivo": true}}, {"model": "salones.clasifservicio", "pk": 10, "fields": {"cvetiposervicio": 4, "cveclasifservicio": "1", "descclasifservicio": "PROFESIONAL", "bandactivo": true}}, {"model": "salones.clasifservicio", "pk": 11, "fields": {"cvetiposervicio": 4, "cveclasifservicio": "2", "descclasifservicio": "LINEAL", "bandactivo": true}}, {"model": "salones.clasifservicio", "pk": 12, "fields": {"cvetiposervicio": 5, "cveclasifservicio": "1", "descclasifservicio": "COCTELERIA", "bandactivo": true}}, {"model": "salones.clasifservicio", "pk": 13, "fields": {"cvetiposervicio": 5, "cveclasifservicio": "2", "descclasifservicio": "BRINDIS", "bandactivo": true}}, {"model": "salones.clasifservicio", "pk": 14, "fields": {"cvetiposervicio": 5, "cveclasifservicio": "3", "descclasifservicio": "BOTELLA LABRADA", "bandactivo": true}}, {"model": "salones.clasifservicio", "pk": 15, "fields": {"cvetiposervicio": 5, "cveclasifservicio": "4", "descclasifservicio": "BOTELLA SIN LABRAR", "bandactivo": true}}, {"model": "salones.clasifservicio", "pk": 16, "fields": {"cvetiposervicio": 5, "cveclasifservicio": "5", "descclasifservicio": "TEQUILADA", "bandactivo": true}}, {"model": "salones.clasifservicio", "pk": 17, "fields": {"cvetiposervicio": 5, "cveclasifservicio": "6", "descclasifservicio": "VINO", "bandactivo": true}}, {"model": "salones.clasifservicio", "pk": 18, "fields": {"cvetiposervicio": 6, "cveclasifservicio": "1", "descclasifservicio": "CIVIL", "bandactivo": true}}, {"model": "salones.clasifservicio", "pk": 19, "fields": {"cvetiposervicio": 6, "cveclasifservicio": "2", "descclasifservicio": "RELIGIOSA", "bandactivo": true}}, {"model": "salones.clasifservicio", "pk": 20, "fields": {"cvetiposervicio": 6, "cveclasifservicio": "3", "descclasifservicio": "PAPELERIA", "bandactivo": true}}, {"model": "salones.clasifservicio", "pk": 21, "fields": {"cvetiposervicio": 6, "cveclasifservicio": "4", "descclasifservicio": "VIDEO Y FOTOGRAFIA", "bandactivo": true}}, {"model": "salones.clasifservicio", "pk": 22, "fields": {"cvetiposervicio": 7, "cveclasifservicio": "1", "descclasifservicio": "ILUMINACION", "bandactivo": true}}, {"model": "salones.clasifservicio", "pk": 23, "fields": {"cvetiposervicio": 7, "cveclasifservicio": "2", "descclasifservicio": "ESTRADO", "bandactivo": true}}, {"model": "salones.clasifservicio", "pk": 24, "fields": {"cvetiposervicio": 7, "cveclasifservicio": "3", "descclasifservicio": "GRANDSUPPORT", "bandactivo": true}}, {"model": "salones.clasifservicio", "pk": 25, "fields": {"cvetiposervicio": 8, "cveclasifservicio": "1", "descclasifservicio": "COORDINADORES", "bandactivo": true}}, {"model": "salones.clasifservicio", "pk": 26, "fields": {"cvetiposervicio": 8, "cveclasifservicio": "2", "descclasifservicio": "PERSONAL DE RECEPCION", "bandactivo": true}}, {"model": "salones.clasifservicio", "pk": 27, "fields": {"cvetiposervicio": 8, "cveclasifservicio": "3", "descclasifservicio": "MAESTRO DE CEREMONIAS", "bandactivo": true}}, {"model": "salones.clasifservicio", "pk": 28, "fields": {"cvetiposervicio": 8, "cveclasifservicio": "4", "descclasifservicio": "PERSONAL DE SERVICIO", "bandactivo": true}}, {"model": "salones.clasifservicio", "pk": 29, "fields": {"cvetiposervicio": 8, "cveclasifservicio": "5", "descclasifservicio": "PERSONAL DE SEGURIDAD", "bandactivo": true}}, {"model": "salones.clasifservicio", "pk": 30, "fields": {"cvetiposervicio": 9, "cveclasifservicio": "1", "descclasifservicio": "SALON", "bandactivo": true}}, {"model": "salones.clasifservicio", "pk": 31, "fields": {"cvetiposervicio": 9, "cveclasifservicio": "2", "descclasifservicio": "RECINTO", "bandactivo": true}}, {"model": "salones.clasifservicio", "pk": 32, "fields": {"cvetiposervicio": 9, "cveclasifservicio": "3", "descclasifservicio": "JARDIN", "bandactivo": true}}, {"model": "salones.clasifservicio", "pk": 33, "fields": {"cvetiposervicio": 9, "cveclasifservicio": "4", "descclasifservicio": "OTRO", "bandactivo": true}}, {"model": "salones.clasifservicio", "pk": 34, "fields": {"cvetiposervicio": 10, "cveclasifservicio": "1", "descclasifservicio": "MESA", "bandactivo": true}}, {"model": "salones.clasifservicio", "pk": 35, "fields": {"cvetiposervicio": 10, "cveclasifservicio": "2", "descclasifservicio": "SILLA", "bandactivo": true}}, {"model": "salones.clasifservicio", "pk": 36, "fields": {"cvetiposervicio": 11, "cveclasifservicio": "1", "descclasifservicio": "GRUPO MUSICAL", "bandactivo": true}}, {"model": "salones.clasifservicio", "pk": 37, "fields": {"cvetiposervicio": 11, "cveclasifservicio": "2", "descclasifservicio": "MARIACHI", "bandactivo": true}}, {"model": "salones.clasifservicio", "pk": 38, "fields": {"cvetiposervicio": 11, "cveclasifservicio": "3", "descclasifservicio": "DJ", "bandactivo": true}}, {"model": "salones.clasifservicio", "pk": 39, "fields": {"cvetiposervicio": 11, "cveclasifservicio": "4", "descclasifservicio": "BANDA", "bandactivo": true}}, {"model": "salones.clasifservicio", "pk": 40, "fields": {"cvetiposervicio": 11, "cveclasifservicio": "5", "descclasifservicio": "VIOLINES", "bandactivo": true}}, {"model": "salones.clasifservicio", "pk": 41, "fields": {"cvetiposervicio": 11, "cveclasifservicio": "6", "descclasifservicio": "OTRO", "bandactivo": true}}, {"model": "salones.clasifservicio", "pk": 42, "fields": {"cvetiposervicio": 12, "cveclasifservicio": "1", "descclasifservicio": "VASO", "bandactivo": true}}, {"model": "salones.clasifservicio", "pk": 43, "fields": {"cvetiposervicio": 12, "cveclasifservicio": "2", "descclasifservicio": "COPIAS BRINDIS", "bandactivo": true}}, {"model": "salones.clasifservicio", "pk": 44, "fields": {"cvetiposervicio": 12, "cveclasifservicio": "3", "descclasifservicio": "AGITADORES", "bandactivo": true}}, {"model": "salones.clasifservicio", "pk": 45, "fields": {"cvetiposervicio": 12, "cveclasifservicio": "4", "descclasifservicio": "CENICEROS", "bandactivo": true}}, {"model": "salones.clasifservicio", "pk": 46, "fields": {"cvetiposervicio": 12, "cveclasifservicio": "5", "descclasifservicio": "TEQUILEROS", "bandactivo": true}}, {"model": "salones.clasifservicio", "pk": 47, "fields": {"cvetiposervicio": 12, "cveclasifservicio": "6", "descclasifservicio": "TARROS", "bandactivo": true}}, {"model": "salones.clasifservicio", "pk": 48, "fields": {"cvetiposervicio": 12, "cveclasifservicio": "7", "descclasifservicio": "RECUERDOS", "bandactivo": true}}, {"model": "salones.clasifservicio", "pk": 49, "fields": {"cvetiposervicio": 13, "cveclasifservicio": "1", "descclasifservicio": "MAPPING", "bandactivo": true}}, {"model": "salones.clasifservicio", "pk": 50, "fields": {"cvetiposervicio": 13, "cveclasifservicio": "2", "descclasifservicio": "PANTALLA", "bandactivo": true}}, {"model": "salones.clasifservicio", "pk": 51, "fields": {"cvetiposervicio": 13, "cveclasifservicio": "3", "descclasifservicio": "GRAFITTI", "bandactivo": true}}, {"model": "salones.clasifservicio", "pk": 52, "fields": {"cvetiposervicio": 14, "cveclasifservicio": "1", "descclasifservicio": "CABINA FOTOGRAFICA", "bandactivo": true}}, {"model": "salones.clasifservicio", "pk": 53, "fields": {"cvetiposervicio": 14, "cveclasifservicio": "2", "descclasifservicio": "VIDEO FILMACION", "bandactivo": true}}, {"model": "salones.clasifservicio", "pk": 54, "fields": {"cvetiposervicio": 14, "cveclasifservicio": "3", "descclasifservicio": "FOTOGRAFIA", "bandactivo": true}}, {"model": "salones.desgloseservicio", "pk": 1, "fields": {"cveclasifservicio": 1, "cvedesgloseservicio": "1", "descdesgloseservicio": "MENU SALON", "bandactivo": true, "datelastupdate": "2022-12-29T11:36:28.502Z"}}, {"model": "salones.desgloseservicio", "pk": 2, "fields": {"cveclasifservicio": 1, "cvedesgloseservicio": "2", "descdesgloseservicio": "MENU EXTERNO", "bandactivo": true, "datelastupdate": "2022-12-29T11:36:28.502Z"}}, {"model": "salones.desgloseservicio", "pk": 3, "fields": {"cveclasifservicio": 1, "cvedesgloseservicio": "3", "descdesgloseservicio": "MENU INFANTIL", "bandactivo": true, "datelastupdate": "2022-12-29T11:36:28.502Z"}}, {"model": "salones.desgloseservicio", "pk": 4, "fields": {"cveclasifservicio": 1, "cvedesgloseservicio": "4", "descdesgloseservicio": "PASTEL", "bandactivo": true, "datelastupdate": "2022-12-29T11:36:28.502Z"}}, {"model": "salones.desgloseservicio", "pk": 5, "fields": {"cveclasifservicio": 6, "cvedesgloseservicio": "1", "descdesgloseservicio": "PERFORMANCE", "bandactivo": true, "datelastupdate": "2022-12-29T11:36:28.502Z"}}, {"model": "salones.desgloseservicio", "pk": 6, "fields": {"cveclasifservicio": 6, "cvedesgloseservicio": "2", "descdesgloseservicio": "APERTURA PISTA", "bandactivo": true, "datelastupdate": "2022-12-29T11:36:28.502Z"}}, {"model": "salones.desgloseservicio", "pk": 7, "fields": {"cveclasifservicio": 6, "cvedesgloseservicio": "3", "descdesgloseservicio": "SALSA", "bandactivo": true, "datelastupdate": "2022-12-29T11:36:28.502Z"}}, {"model": "salones.desgloseservicio", "pk": 8, "fields": {"cveclasifservicio": 6, "cvedesgloseservicio": "4", "descdesgloseservicio": "BATUCADA", "bandactivo": true, "datelastupdate": "2022-12-29T11:36:28.502Z"}}, {"model": "salones.desgloseservicio", "pk": 9, "fields": {"cveclasifservicio": 6, "cvedesgloseservicio": "5", "descdesgloseservicio": "BANDA", "bandactivo": true, "datelastupdate": "2022-12-29T11:36:28.502Z"}}, {"model": "salones.desgloseservicio", "pk": 10, "fields": {"cveclasifservicio": 6, "cvedesgloseservicio": "6", "descdesgloseservicio": "MOMENTO DISCO", "bandactivo": true, "datelastupdate": "2022-12-29T11:36:28.502Z"}}, {"model": "salones.desgloseservicio", "pk": 11, "fields": {"cveclasifservicio": 6, "cvedesgloseservicio": "7", "descdesgloseservicio": "MARIACHI", "bandactivo": true, "datelastupdate": "2022-12-29T11:36:28.502Z"}}, {"model": "salones.desgloseservicio", "pk": 12, "fields": {"cveclasifservicio": 6, "cvedesgloseservicio": "8", "descdesgloseservicio": "TIMBIRICHE", "bandactivo": true, "datelastupdate": "2022-12-29T11:36:28.502Z"}}, {"model": "salones.desgloseservicio", "pk": 13, "fields": {"cveclasifservicio": 6, "cvedesgloseservicio": "9", "descdesgloseservicio": "PRESENTACION", "bandactivo": true, "datelastupdate": "2022-12-29T11:36:28.502Z"}}, {"model": "salones.desgloseservicio", "pk": 14, "fields": {"cveclasifservicio": 6, "cvedesgloseservicio": "10", "descdesgloseservicio": "PRODUCCION ", "bandactivo": true, "datelastupdate": "2022-12-29T11:36:28.502Z"}}, {"model": "salones.desgloseservicio", "pk": 15, "fields": {"cveclasifservicio": 6, "cvedesgloseservicio": "11", "descdesgloseservicio": "OTROS", "bandactivo": true, "datelastupdate": "2022-12-29T11:36:28.502Z"}}, {"model": "salones.desgloseservicio", "pk": 16, "fields": {"cveclasifservicio": 9, "cvedesgloseservicio": "1", "descdesgloseservicio": "OSCARES VOLUMETRICOS", "bandactivo": true, "datelastupdate": "2022-12-29T11:36:28.502Z"}}, {"model": "salones.desgloseservicio", "pk": 17, "fields": {"cveclasifservicio": 9, "cvedesgloseservicio": "2", "descdesgloseservicio": "LETRAS GIGANTES", "bandactivo": true, "datelastupdate": "2022-12-29T11:36:28.502Z"}}, {"model": "salones.desgloseservicio", "pk": 18, "fields": {"cveclasifservicio": 9, "cvedesgloseservicio": "3", "descdesgloseservicio": "FIGURA DE HIELO", "bandactivo": true, "datelastupdate": "2022-12-29T11:36:28.502Z"}}, {"model": "salones.desgloseservicio", "pk": 19, "fields": {"cveclasifservicio": 9, "cvedesgloseservicio": "4", "descdesgloseservicio": "GLOBOS", "bandactivo": true, "datelastupdate": "2022-12-29T11:36:28.502Z"}}, {"model": "salones.desgloseservicio", "pk": 20, "fields": {"cveclasifservicio": 9, "cvedesgloseservicio": "5", "descdesgloseservicio": "OTROS", "bandactivo": true, "datelastupdate": "2022-12-29T11:36:28.502Z"}}, {"model": "salones.desgloseservicio", "pk": 21, "fields": {"cveclasifservicio": 22, "cvedesgloseservicio": "1", "descdesgloseservicio": "ROBOTICAS", "bandactivo": true, "datelastupdate": "2022-12-29T11:36:28.502Z"}}, {"model": "salones.desgloseservicio", "pk": 22, "fields": {"cveclasifservicio": 22, "cvedesgloseservicio": "2", "descdesgloseservicio": "ROBOTICAS BEAM", "bandactivo": true, "datelastupdate": "2022-12-29T11:36:28.502Z"}}, {"model": "salones.desgloseservicio", "pk": 23, "fields": {"cveclasifservicio": 22, "cvedesgloseservicio": "3", "descdesgloseservicio": "REFLECTORES", "bandactivo": true, "datelastupdate": "2022-12-29T11:36:28.502Z"}}, {"model": "salones.desgloseservicio", "pk": 24, "fields": {"cveclasifservicio": 25, "cvedesgloseservicio": "1", "descdesgloseservicio": "COORDINADOR DE SERVICIO", "bandactivo": true, "datelastupdate": "2022-12-29T11:36:28.502Z"}}, {"model": "salones.desgloseservicio", "pk": 25, "fields": {"cveclasifservicio": 25, "cvedesgloseservicio": "2", "descdesgloseservicio": "COORDINADOR DE PERSONAL ARTISTICO", "bandactivo": true, "datelastupdate": "2022-12-29T11:36:28.502Z"}}, {"model": "salones.desgloseservicio", "pk": 26, "fields": {"cveclasifservicio": 25, "cvedesgloseservicio": "3", "descdesgloseservicio": "COORDINADOR MUSICAL", "bandactivo": true, "datelastupdate": "2022-12-29T11:36:28.502Z"}}, {"model": "salones.desgloseservicio", "pk": 27, "fields": {"cveclasifservicio": 25, "cvedesgloseservicio": "4", "descdesgloseservicio": "COORDINADOR DE PRODUCCION", "bandactivo": true, "datelastupdate": "2022-12-29T11:36:28.502Z"}}, {"model": "salones.desgloseservicio", "pk": 28, "fields": {"cveclasifservicio": 25, "cvedesgloseservicio": "5", "descdesgloseservicio": "COORDINADOR DE LOGISTICA", "bandactivo": true, "datelastupdate": "2022-12-29T11:36:28.502Z"}}, {"model": "salones.desgloseservicio", "pk": 29, "fields": {"cveclasifservicio": 26, "cvedesgloseservicio": "1", "descdesgloseservicio": "EDECANES HOMBRES", "bandactivo": true, "datelastupdate": "2022-12-29T11:36:28.502Z"}}, {"model": "salones.desgloseservicio", "pk": 30, "fields": {"cveclasifservicio": 26, "cvedesgloseservicio": "2", "descdesgloseservicio": "EDECANES MUJERES", "bandactivo": true, "datelastupdate": "2022-12-29T11:36:28.502Z"}}, {"model": "salones.desgloseservicio", "pk": 31, "fields": {"cveclasifservicio": 26, "cvedesgloseservicio": "3", "descdesgloseservicio": "HOSTESS", "bandactivo": true, "datelastupdate": "2022-12-29T11:36:28.502Z"}}, {"model": "salones.desgloseservicio", "pk": 32, "fields": {"cveclasifservicio": 28, "cvedesgloseservicio": "1", "descdesgloseservicio": "GERENTE SERVICIO", "bandactivo": true, "datelastupdate": "2022-12-29T11:36:28.502Z"}}, {"model": "salones.desgloseservicio", "pk": 33, "fields": {"cveclasifservicio": 28, "cvedesgloseservicio": "2", "descdesgloseservicio": "CAPITANES", "bandactivo": true, "datelastupdate": "2022-12-29T11:36:28.502Z"}}, {"model": "salones.desgloseservicio", "pk": 34, "fields": {"cveclasifservicio": 28, "cvedesgloseservicio": "3", "descdesgloseservicio": "MESEROS", "bandactivo": true, "datelastupdate": "2022-12-29T11:36:28.502Z"}}, {"model": "salones.desgloseservicio", "pk": 35, "fields": {"cveclasifservicio": 28, "cvedesgloseservicio": "4", "descdesgloseservicio": "MESEROS ESPECIALES", "bandactivo": true, "datelastupdate": "2022-12-29T11:36:28.502Z"}}, {"model": "salones.desgloseservicio", "pk": 36, "fields": {"cveclasifservicio": 34, "cvedesgloseservicio": "1", "descdesgloseservicio": "REDONDA", "bandactivo": true, "datelastupdate": "2022-12-29T11:36:28.502Z"}}, {"model": "salones.desgloseservicio", "pk": 37, "fields": {"cveclasifservicio": 34, "cvedesgloseservicio": "2", "descdesgloseservicio": "CUADRADA", "bandactivo": true, "datelastupdate": "2022-12-29T11:36:28.502Z"}}, {"model": "salones.desgloseservicio", "pk": 38, "fields": {"cveclasifservicio": 34, "cvedesgloseservicio": "3", "descdesgloseservicio": "ILUMINADA", "bandactivo": true, "datelastupdate": "2022-12-29T11:36:28.502Z"}}, {"model": "salones.desgloseservicio", "pk": 39, "fields": {"cveclasifservicio": 35, "cvedesgloseservicio": "1", "descdesgloseservicio": "PLEGABLE", "bandactivo": true, "datelastupdate": "2022-12-29T11:36:28.502Z"}}, {"model": "salones.desgloseservicio", "pk": 40, "fields": {"cveclasifservicio": 35, "cvedesgloseservicio": "2", "descdesgloseservicio": "TIFFANI", "bandactivo": true, "datelastupdate": "2022-12-29T11:36:28.502Z"}}, {"model": "salones.desgloseservicio", "pk": 41, "fields": {"cveclasifservicio": 35, "cvedesgloseservicio": "3", "descdesgloseservicio": "ACOGINADA", "bandactivo": true, "datelastupdate": "2022-12-29T11:36:28.502Z"}}, {"model": "salones.desgloseservicio", "pk": 42, "fields": {"cveclasifservicio": 50, "cvedesgloseservicio": "1", "descdesgloseservicio": "DE LEDS", "bandactivo": true, "datelastupdate": "2022-12-29T11:36:28.502Z"}}, {"model": "salones.desgloseservicio", "pk": 43, "fields": {"cveclasifservicio": 50, "cvedesgloseservicio": "2", "descdesgloseservicio": "DE TELA", "bandactivo": true, "datelastupdate": "2022-12-29T11:36:28.502Z"}}, {"model": "salones.tipopersona", "pk": 1, "fields": {"clave": "1", "descripcion": "Cliente", "bandactivo": true}}, {"model": "salones.tipopersona", "pk": 2, "fields": {"clave": "2", "descripcion": "Invitados", "bandactivo": true}}, {"model": "salones.personaprincipal", "pk": 1, "fields": {"cvetipopersona": 1, "nombre": "Adrian", "primer_apellido": "Aguilar", "segundo_apellido": "Garcia", "correo": "adrian@google.com", "telefono1": "12345688", "telefono2": "1232", "datestar": "2023-01-11T22:49:19.210Z", "bandactivo": true}}, {"model": "salones.personaprincipal", "pk": 2, "fields": {"cvetipopersona": 1, "nombre": "Alberto", "primer_apellido": "Perez", "segundo_apellido": "Ramirez", "correo": "vivadagon@gmail.com", "telefono1": "123456789", "telefono2": null, "datestar": "2023-01-12T02:04:28.167Z", "bandactivo": true}}, {"model": "salones.personaprincipal", "pk": 3, "fields": {"cvetipopersona": 1, "nombre": "Flor", "primer_apellido": "Flores", "segundo_apellido": "Flores", "correo": "fkrkr@algo.com", "telefono1": "1231332323", "telefono2": null, "datestar": "2023-01-13T03:08:06.279Z", "bandactivo": true}}, {"model": "salones.tipoactividad", "pk": 1, "fields": {"clave": "1", "descripcion": "Planear", "bandactivo": true}}, {"model": "salones.tipoactividad", "pk": 2, "fields": {"clave": "2", "descripcion": "Contratar", "bandactivo": true}}, {"model": "salones.tipoactividad", "pk": 3, "fields": {"clave": "3", "descripcion": "Comprar", "bandactivo": true}}, {"model": "salones.tipoactividad", "pk": 4, "fields": {"clave": "4", "descripcion": "Cotizar", "bandactivo": true}}, {"model": "salones.tipoactividad", "pk": 5, "fields": {"clave": "5", "descripcion": "Apartar", "bandactivo": true}}, {"model": "salones.tipoactividad", "pk": 6, "fields": {"clave": "6", "descripcion": "Invitar", "bandactivo": true}}, {"model": "salones.tipoactividad", "pk": 7, "fields": {"clave": "7", "descripcion": "Contactar", "bandactivo": true}}, {"model": "salones.tipoactividad", "pk": 8, "fields": {"clave": "8", "descripcion": "Reservar", "bandactivo": true}}, {"model": "salones.tipoevento", "pk": 1, "fields": {"clave": "1", "descripcion": "XV a±os", "bandactivo": true}}, {"model": "salones.tipoevento", "pk": 2, "fields": {"clave": "2", "descripcion": "Bodas", "bandactivo": true}}, {"model": "salones.tipoevento", "pk": 3, "fields": {"clave": "3", "descripcion": "Graduaciones\r\n", "bandactivo": true}}, {"model": "salones.tipoevento", "pk": 4, "fields": {"clave": "4", "descripcion": "Congreso", "bandactivo": true}}, {"model": "salones.tiposervicio", "pk": 1, "fields": {"clave": "1", "descripcion": "ALIMENTOS", "bandactivo": false}}, {"model": "salones.tiposervicio", "pk": 2, "fields": {"clave": "2", "descripcion": "ANIMACION", "bandactivo": false}}, {"model": "salones.tiposervicio", "pk": 3, "fields": {"clave": "3", "descripcion": "ARREGLOS FLORALES", "bandactivo": false}}, {"model": "salones.tiposervicio", "pk": 4, "fields": {"clave": "4", "descripcion": "AUDIO", "bandactivo": false}}, {"model": "salones.tiposervicio", "pk": 5, "fields": {"clave": "5", "descripcion": "BEBIDAS", "bandactivo": false}}, {"model": "salones.tiposervicio", "pk": 6, "fields": {"clave": "6", "descripcion": "CEREMONIA", "bandactivo": false}}, {"model": "salones.tiposervicio", "pk": 7, "fields": {"clave": "7", "descripcion": "ESCENARIO", "bandactivo": false}}, {"model": "salones.tiposervicio", "pk": 8, "fields": {"clave": "8", "descripcion": "GESTION DEL EVENTO", "bandactivo": false}}, {"model": "salones.tiposervicio", "pk": 9, "fields": {"clave": "9", "descripcion": "LUGAR", "bandactivo": false}}, {"model": "salones.tiposervicio", "pk": 10, "fields": {"clave": "10", "descripcion": "MOBILIARIO", "bandactivo": false}}, {"model": "salones.tiposervicio", "pk": 11, "fields": {"clave": "11", "descripcion": "MUSICA", "bandactivo": false}}, {"model": "salones.tiposervicio", "pk": 12, "fields": {"clave": "12", "descripcion": "SOUVENIERS", "bandactivo": false}}, {"model": "salones.tiposervicio", "pk": 13, "fields": {"clave": "13", "descripcion": "TECNOLOGIA", "bandactivo": false}}, {"model": "salones.tiposervicio", "pk": 14, "fields": {"clave": "14", "descripcion": "VIDEO Y FOTOGRAFIA", "bandactivo": false}}, {"model": "salones.historicalencevento", "pk": 1, "fields": {"folioevento": 1, "opcion": null, "nombre": "Eveno 01", "banaprovada": true, "cvetipoevento": 3, "cvepersona": 1, "history_date": "2023-01-12T00:29:39.987Z", "history_change_reason": null, "history_type": "+", "history_user": 1}}, {"model": "salones.historicalencevento", "pk": 2, "fields": {"folioevento": 2, "opcion": 1, "nombre": "evento2", "banaprovada": true, "cvetipoevento": 3, "cvepersona": 2, "history_date": "2023-01-13T02:38:15.765Z", "history_change_reason": null, "history_type": "+", "history_user": 1}}, {"model": "salones.historicalencevento", "pk": 3, "fields": {"folioevento": 3, "opcion": 1, "nombre": "Quince A±os", "banaprovada": true, "cvetipoevento": 1, "cvepersona": 1, "history_date": "2023-01-13T02:46:06.758Z", "history_change_reason": null, "history_type": "+", "history_user": 1}}, {"model": "salones.historicalencevento", "pk": 4, "fields": {"folioevento": 1, "opcion": 1, "nombre": "Eveno 09", "banaprovada": true, "cvetipoevento": 3, "cvepersona": 1, "history_date": "2023-01-26T20:48:36.353Z", "history_change_reason": null, "history_type": "~", "history_user": 1}}, {"model": "salones.historicalencevento", "pk": 5, "fields": {"folioevento": 2, "opcion": 1, "nombre": "Evento2", "banaprovada": true, "cvetipoevento": 2, "cvepersona": 2, "history_date": "2023-01-26T21:33:51.400Z", "history_change_reason": null, "history_type": "~", "history_user": 1}}, {"model": "salones.historicalencevento", "pk": 6, "fields": {"folioevento": 4, "opcion": 1, "nombre": "Congreso de venta de chocolates", "banaprovada": true, "cvetipoevento": 4, "cvepersona": 3, "history_date": "2023-02-01T03:07:54.644Z", "history_change_reason": null, "history_type": "+", "history_user": 1}}, {"model": "salones.historicalencevento", "pk": 7, "fields": {"folioevento": 4, "opcion": 1, "nombre": "Congreso de venta de chocolates Febrero", "banaprovada": true, "cvetipoevento": 4, "cvepersona": 3, "history_date": "2023-02-01T03:33:24.856Z", "history_change_reason": null, "history_type": "~", "history_user": 1}}, {"model": "salones.encevento", "pk": 1, "fields": {"cvetipoevento": 3, "cvepersona": 1, "opcion": 1, "nombre": "Eveno 09", "banaprovada": true}}, {"model": "salones.encevento", "pk": 2, "fields": {"cvetipoevento": 2, "cvepersona": 2, "opcion": 1, "nombre": "Evento2", "banaprovada": true}}, {"model": "salones.encevento", "pk": 3, "fields": {"cvetipoevento": 1, "cvepersona": 1, "opcion": 1, "nombre": "Quince A±os", "banaprovada": true}}, {"model": "salones.encevento", "pk": 4, "fields": {"cvetipoevento": 4, "cvepersona": 3, "opcion": 1, "nombre": "Congreso de venta de chocolates Febrero", "banaprovada": true}}, {"model": "salones.enceventoopcion", "pk": 1, "fields": {"evento": 1, "persona": 1, "numopcion": 1, "nombre": "Opcion 1", "monto": 0.0}}, {"model": "auth.permission", "pk": 1, "fields": {"name": "Can add tipo actividad", "content_type": 1, "codename": "add_tipoactividad"}}, {"model": "auth.permission", "pk": 2, "fields": {"name": "Can change tipo actividad", "content_type": 1, "codename": "change_tipoactividad"}}, {"model": "auth.permission", "pk": 3, "fields": {"name": "Can delete tipo actividad", "content_type": 1, "codename": "delete_tipoactividad"}}, {"model": "auth.permission", "pk": 4, "fields": {"name": "Can view tipo actividad", "content_type": 1, "codename": "view_tipoactividad"}}, {"model": "auth.permission", "pk": 5, "fields": {"name": "Can add tipo evento", "content_type": 2, "codename": "add_tipoevento"}}, {"model": "auth.permission", "pk": 6, "fields": {"name": "Can change tipo evento", "content_type": 2, "codename": "change_tipoevento"}}, {"model": "auth.permission", "pk": 7, "fields": {"name": "Can delete tipo evento", "content_type": 2, "codename": "delete_tipoevento"}}, {"model": "auth.permission", "pk": 8, "fields": {"name": "Can view tipo evento", "content_type": 2, "codename": "view_tipoevento"}}, {"model": "auth.permission", "pk": 9, "fields": {"name": "Can add tipo servicio", "content_type": 3, "codename": "add_tiposervicio"}}, {"model": "auth.permission", "pk": 10, "fields": {"name": "Can change tipo servicio", "content_type": 3, "codename": "change_tiposervicio"}}, {"model": "auth.permission", "pk": 11, "fields": {"name": "Can delete tipo servicio", "content_type": 3, "codename": "delete_tiposervicio"}}, {"model": "auth.permission", "pk": 12, "fields": {"name": "Can view tipo servicio", "content_type": 3, "codename": "view_tiposervicio"}}, {"model": "auth.permission", "pk": 13, "fields": {"name": "Can add Foto", "content_type": 4, "codename": "add_foto"}}, {"model": "auth.permission", "pk": 14, "fields": {"name": "Can change Foto", "content_type": 4, "codename": "change_foto"}}, {"model": "auth.permission", "pk": 15, "fields": {"name": "Can delete Foto", "content_type": 4, "codename": "delete_foto"}}, {"model": "auth.permission", "pk": 16, "fields": {"name": "Can view Foto", "content_type": 4, "codename": "view_foto"}}, {"model": "auth.permission", "pk": 17, "fields": {"name": "Can add historical tipo servicio", "content_type": 5, "codename": "add_historicaltiposervicio"}}, {"model": "auth.permission", "pk": 18, "fields": {"name": "Can change historical tipo servicio", "content_type": 5, "codename": "change_historicaltiposervicio"}}, {"model": "auth.permission", "pk": 19, "fields": {"name": "Can delete historical tipo servicio", "content_type": 5, "codename": "delete_historicaltiposervicio"}}, {"model": "auth.permission", "pk": 20, "fields": {"name": "Can view historical tipo servicio", "content_type": 5, "codename": "view_historicaltiposervicio"}}, {"model": "auth.permission", "pk": 21, "fields": {"name": "Can add historical tipo evento", "content_type": 6, "codename": "add_historicaltipoevento"}}, {"model": "auth.permission", "pk": 22, "fields": {"name": "Can change historical tipo evento", "content_type": 6, "codename": "change_historicaltipoevento"}}, {"model": "auth.permission", "pk": 23, "fields": {"name": "Can delete historical tipo evento", "content_type": 6, "codename": "delete_historicaltipoevento"}}, {"model": "auth.permission", "pk": 24, "fields": {"name": "Can view historical tipo evento", "content_type": 6, "codename": "view_historicaltipoevento"}}, {"model": "auth.permission", "pk": 25, "fields": {"name": "Can add historical tipo actividad", "content_type": 7, "codename": "add_historicaltipoactividad"}}, {"model": "auth.permission", "pk": 26, "fields": {"name": "Can change historical tipo actividad", "content_type": 7, "codename": "change_historicaltipoactividad"}}, {"model": "auth.permission", "pk": 27, "fields": {"name": "Can delete historical tipo actividad", "content_type": 7, "codename": "delete_historicaltipoactividad"}}, {"model": "auth.permission", "pk": 28, "fields": {"name": "Can view historical tipo actividad", "content_type": 7, "codename": "view_historicaltipoactividad"}}, {"model": "auth.permission", "pk": 29, "fields": {"name": "Can add historical Foto", "content_type": 8, "codename": "add_historicalfoto"}}, {"model": "auth.permission", "pk": 30, "fields": {"name": "Can change historical Foto", "content_type": 8, "codename": "change_historicalfoto"}}, {"model": "auth.permission", "pk": 31, "fields": {"name": "Can delete historical Foto", "content_type": 8, "codename": "delete_historicalfoto"}}, {"model": "auth.permission", "pk": 32, "fields": {"name": "Can view historical Foto", "content_type": 8, "codename": "view_historicalfoto"}}, {"model": "auth.permission", "pk": 33, "fields": {"name": "Can add clasif servicio", "content_type": 9, "codename": "add_clasifservicio"}}, {"model": "auth.permission", "pk": 34, "fields": {"name": "Can change clasif servicio", "content_type": 9, "codename": "change_clasifservicio"}}, {"model": "auth.permission", "pk": 35, "fields": {"name": "Can delete clasif servicio", "content_type": 9, "codename": "delete_clasifservicio"}}, {"model": "auth.permission", "pk": 36, "fields": {"name": "Can view clasif servicio", "content_type": 9, "codename": "view_clasifservicio"}}, {"model": "auth.permission", "pk": 37, "fields": {"name": "Can add desglose servicio", "content_type": 10, "codename": "add_desgloseservicio"}}, {"model": "auth.permission", "pk": 38, "fields": {"name": "Can change desglose servicio", "content_type": 10, "codename": "change_desgloseservicio"}}, {"model": "auth.permission", "pk": 39, "fields": {"name": "Can delete desglose servicio", "content_type": 10, "codename": "delete_desgloseservicio"}}, {"model": "auth.permission", "pk": 40, "fields": {"name": "Can view desglose servicio", "content_type": 10, "codename": "view_desgloseservicio"}}, {"model": "auth.permission", "pk": 41, "fields": {"name": "Can add det evento", "content_type": 11, "codename": "add_detevento"}}, {"model": "auth.permission", "pk": 42, "fields": {"name": "Can change det evento", "content_type": 11, "codename": "change_detevento"}}, {"model": "auth.permission", "pk": 43, "fields": {"name": "Can delete det evento", "content_type": 11, "codename": "delete_detevento"}}, {"model": "auth.permission", "pk": 44, "fields": {"name": "Can view det evento", "content_type": 11, "codename": "view_detevento"}}, {"model": "auth.permission", "pk": 45, "fields": {"name": "Can add enc evento", "content_type": 12, "codename": "add_encevento"}}, {"model": "auth.permission", "pk": 46, "fields": {"name": "Can change enc evento", "content_type": 12, "codename": "change_encevento"}}, {"model": "auth.permission", "pk": 47, "fields": {"name": "Can delete enc evento", "content_type": 12, "codename": "delete_encevento"}}, {"model": "auth.permission", "pk": 48, "fields": {"name": "Can view enc evento", "content_type": 12, "codename": "view_encevento"}}, {"model": "auth.permission", "pk": 49, "fields": {"name": "Can add enc evento opcion", "content_type": 13, "codename": "add_enceventoopcion"}}, {"model": "auth.permission", "pk": 50, "fields": {"name": "Can change enc evento opcion", "content_type": 13, "codename": "change_enceventoopcion"}}, {"model": "auth.permission", "pk": 51, "fields": {"name": "Can delete enc evento opcion", "content_type": 13, "codename": "delete_enceventoopcion"}}, {"model": "auth.permission", "pk": 52, "fields": {"name": "Can view enc evento opcion", "content_type": 13, "codename": "view_enceventoopcion"}}, {"model": "auth.permission", "pk": 53, "fields": {"name": "Can add estatus actividad", "content_type": 14, "codename": "add_estatusactividad"}}, {"model": "auth.permission", "pk": 54, "fields": {"name": "Can change estatus actividad", "content_type": 14, "codename": "change_estatusactividad"}}, {"model": "auth.permission", "pk": 55, "fields": {"name": "Can delete estatus actividad", "content_type": 14, "codename": "delete_estatusactividad"}}, {"model": "auth.permission", "pk": 56, "fields": {"name": "Can view estatus actividad", "content_type": 14, "codename": "view_estatusactividad"}}, {"model": "auth.permission", "pk": 57, "fields": {"name": "Can add persona principal", "content_type": 15, "codename": "add_personaprincipal"}}, {"model": "auth.permission", "pk": 58, "fields": {"name": "Can change persona principal", "content_type": 15, "codename": "change_personaprincipal"}}, {"model": "auth.permission", "pk": 59, "fields": {"name": "Can delete persona principal", "content_type": 15, "codename": "delete_personaprincipal"}}, {"model": "auth.permission", "pk": 60, "fields": {"name": "Can view persona principal", "content_type": 15, "codename": "view_personaprincipal"}}, {"model": "auth.permission", "pk": 61, "fields": {"name": "Can add procesos", "content_type": 16, "codename": "add_procesos"}}, {"model": "auth.permission", "pk": 62, "fields": {"name": "Can change procesos", "content_type": 16, "codename": "change_procesos"}}, {"model": "auth.permission", "pk": 63, "fields": {"name": "Can delete procesos", "content_type": 16, "codename": "delete_procesos"}}, {"model": "auth.permission", "pk": 64, "fields": {"name": "Can view procesos", "content_type": 16, "codename": "view_procesos"}}, {"model": "auth.permission", "pk": 65, "fields": {"name": "Can add seguimiento evento", "content_type": 17, "codename": "add_seguimientoevento"}}, {"model": "auth.permission", "pk": 66, "fields": {"name": "Can change seguimiento evento", "content_type": 17, "codename": "change_seguimientoevento"}}, {"model": "auth.permission", "pk": 67, "fields": {"name": "Can delete seguimiento evento", "content_type": 17, "codename": "delete_seguimientoevento"}}, {"model": "auth.permission", "pk": 68, "fields": {"name": "Can view seguimiento evento", "content_type": 17, "codename": "view_seguimientoevento"}}, {"model": "auth.permission", "pk": 69, "fields": {"name": "Can add tipo persona", "content_type": 18, "codename": "add_tipopersona"}}, {"model": "auth.permission", "pk": 70, "fields": {"name": "Can change tipo persona", "content_type": 18, "codename": "change_tipopersona"}}, {"model": "auth.permission", "pk": 71, "fields": {"name": "Can delete tipo persona", "content_type": 18, "codename": "delete_tipopersona"}}, {"model": "auth.permission", "pk": 72, "fields": {"name": "Can view tipo persona", "content_type": 18, "codename": "view_tipopersona"}}, {"model": "auth.permission", "pk": 73, "fields": {"name": "Can add ingresos", "content_type": 19, "codename": "add_ingresos"}}, {"model": "auth.permission", "pk": 74, "fields": {"name": "Can change ingresos", "content_type": 19, "codename": "change_ingresos"}}, {"model": "auth.permission", "pk": 75, "fields": {"name": "Can delete ingresos", "content_type": 19, "codename": "delete_ingresos"}}, {"model": "auth.permission", "pk": 76, "fields": {"name": "Can view ingresos", "content_type": 19, "codename": "view_ingresos"}}, {"model": "auth.permission", "pk": 77, "fields": {"name": "Can add historical tipo persona", "content_type": 20, "codename": "add_historicaltipopersona"}}, {"model": "auth.permission", "pk": 78, "fields": {"name": "Can change historical tipo persona", "content_type": 20, "codename": "change_historicaltipopersona"}}, {"model": "auth.permission", "pk": 79, "fields": {"name": "Can delete historical tipo persona", "content_type": 20, "codename": "delete_historicaltipopersona"}}, {"model": "auth.permission", "pk": 80, "fields": {"name": "Can view historical tipo persona", "content_type": 20, "codename": "view_historicaltipopersona"}}, {"model": "auth.permission", "pk": 81, "fields": {"name": "Can add historical seguimiento evento", "content_type": 21, "codename": "add_historicalseguimientoevento"}}, {"model": "auth.permission", "pk": 82, "fields": {"name": "Can change historical seguimiento evento", "content_type": 21, "codename": "change_historicalseguimientoevento"}}, {"model": "auth.permission", "pk": 83, "fields": {"name": "Can delete historical seguimiento evento", "content_type": 21, "codename": "delete_historicalseguimientoevento"}}, {"model": "auth.permission", "pk": 84, "fields": {"name": "Can view historical seguimiento evento", "content_type": 21, "codename": "view_historicalseguimientoevento"}}, {"model": "auth.permission", "pk": 85, "fields": {"name": "Can add historical procesos", "content_type": 22, "codename": "add_historicalprocesos"}}, {"model": "auth.permission", "pk": 86, "fields": {"name": "Can change historical procesos", "content_type": 22, "codename": "change_historicalprocesos"}}, {"model": "auth.permission", "pk": 87, "fields": {"name": "Can delete historical procesos", "content_type": 22, "codename": "delete_historicalprocesos"}}, {"model": "auth.permission", "pk": 88, "fields": {"name": "Can view historical procesos", "content_type": 22, "codename": "view_historicalprocesos"}}, {"model": "auth.permission", "pk": 89, "fields": {"name": "Can add historical persona principal", "content_type": 23, "codename": "add_historicalpersonaprincipal"}}, {"model": "auth.permission", "pk": 90, "fields": {"name": "Can change historical persona principal", "content_type": 23, "codename": "change_historicalpersonaprincipal"}}, {"model": "auth.permission", "pk": 91, "fields": {"name": "Can delete historical persona principal", "content_type": 23, "codename": "delete_historicalpersonaprincipal"}}, {"model": "auth.permission", "pk": 92, "fields": {"name": "Can view historical persona principal", "content_type": 23, "codename": "view_historicalpersonaprincipal"}}, {"model": "auth.permission", "pk": 93, "fields": {"name": "Can add historical ingresos", "content_type": 24, "codename": "add_historicalingresos"}}, {"model": "auth.permission", "pk": 94, "fields": {"name": "Can change historical ingresos", "content_type": 24, "codename": "change_historicalingresos"}}, {"model": "auth.permission", "pk": 95, "fields": {"name": "Can delete historical ingresos", "content_type": 24, "codename": "delete_historicalingresos"}}, {"model": "auth.permission", "pk": 96, "fields": {"name": "Can view historical ingresos", "content_type": 24, "codename": "view_historicalingresos"}}, {"model": "auth.permission", "pk": 97, "fields": {"name": "Can add historical fases procesos", "content_type": 25, "codename": "add_historicalfasesprocesos"}}, {"model": "auth.permission", "pk": 98, "fields": {"name": "Can change historical fases procesos", "content_type": 25, "codename": "change_historicalfasesprocesos"}}, {"model": "auth.permission", "pk": 99, "fields": {"name": "Can delete historical fases procesos", "content_type": 25, "codename": "delete_historicalfasesprocesos"}}, {"model": "auth.permission", "pk": 100, "fields": {"name": "Can view historical fases procesos", "content_type": 25, "codename": "view_historicalfasesprocesos"}}, {"model": "auth.permission", "pk": 101, "fields": {"name": "Can add historical estatus actividad", "content_type": 26, "codename": "add_historicalestatusactividad"}}, {"model": "auth.permission", "pk": 102, "fields": {"name": "Can change historical estatus actividad", "content_type": 26, "codename": "change_historicalestatusactividad"}}, {"model": "auth.permission", "pk": 103, "fields": {"name": "Can delete historical estatus actividad", "content_type": 26, "codename": "delete_historicalestatusactividad"}}, {"model": "auth.permission", "pk": 104, "fields": {"name": "Can view historical estatus actividad", "content_type": 26, "codename": "view_historicalestatusactividad"}}, {"model": "auth.permission", "pk": 105, "fields": {"name": "Can add historical enc evento opcion", "content_type": 27, "codename": "add_historicalenceventoopcion"}}, {"model": "auth.permission", "pk": 106, "fields": {"name": "Can change historical enc evento opcion", "content_type": 27, "codename": "change_historicalenceventoopcion"}}, {"model": "auth.permission", "pk": 107, "fields": {"name": "Can delete historical enc evento opcion", "content_type": 27, "codename": "delete_historicalenceventoopcion"}}, {"model": "auth.permission", "pk": 108, "fields": {"name": "Can view historical enc evento opcion", "content_type": 27, "codename": "view_historicalenceventoopcion"}}, {"model": "auth.permission", "pk": 109, "fields": {"name": "Can add historical enc evento", "content_type": 28, "codename": "add_historicalencevento"}}, {"model": "auth.permission", "pk": 110, "fields": {"name": "Can change historical enc evento", "content_type": 28, "codename": "change_historicalencevento"}}, {"model": "auth.permission", "pk": 111, "fields": {"name": "Can delete historical enc evento", "content_type": 28, "codename": "delete_historicalencevento"}}, {"model": "auth.permission", "pk": 112, "fields": {"name": "Can view historical enc evento", "content_type": 28, "codename": "view_historicalencevento"}}, {"model": "auth.permission", "pk": 113, "fields": {"name": "Can add historical egresos", "content_type": 29, "codename": "add_historicalegresos"}}, {"model": "auth.permission", "pk": 114, "fields": {"name": "Can change historical egresos", "content_type": 29, "codename": "change_historicalegresos"}}, {"model": "auth.permission", "pk": 115, "fields": {"name": "Can delete historical egresos", "content_type": 29, "codename": "delete_historicalegresos"}}, {"model": "auth.permission", "pk": 116, "fields": {"name": "Can view historical egresos", "content_type": 29, "codename": "view_historicalegresos"}}, {"model": "auth.permission", "pk": 117, "fields": {"name": "Can add historical det evento", "content_type": 30, "codename": "add_historicaldetevento"}}, {"model": "auth.permission", "pk": 118, "fields": {"name": "Can change historical det evento", "content_type": 30, "codename": "change_historicaldetevento"}}, {"model": "auth.permission", "pk": 119, "fields": {"name": "Can delete historical det evento", "content_type": 30, "codename": "delete_historicaldetevento"}}, {"model": "auth.permission", "pk": 120, "fields": {"name": "Can view historical det evento", "content_type": 30, "codename": "view_historicaldetevento"}}, {"model": "auth.permission", "pk": 121, "fields": {"name": "Can add historical desglose servicio", "content_type": 31, "codename": "add_historicaldesgloseservicio"}}, {"model": "auth.permission", "pk": 122, "fields": {"name": "Can change historical desglose servicio", "content_type": 31, "codename": "change_historicaldesgloseservicio"}}, {"model": "auth.permission", "pk": 123, "fields": {"name": "Can delete historical desglose servicio", "content_type": 31, "codename": "delete_historicaldesgloseservicio"}}, {"model": "auth.permission", "pk": 124, "fields": {"name": "Can view historical desglose servicio", "content_type": 31, "codename": "view_historicaldesgloseservicio"}}, {"model": "auth.permission", "pk": 125, "fields": {"name": "Can add historical clasif servicio", "content_type": 32, "codename": "add_historicalclasifservicio"}}, {"model": "auth.permission", "pk": 126, "fields": {"name": "Can change historical clasif servicio", "content_type": 32, "codename": "change_historicalclasifservicio"}}, {"model": "auth.permission", "pk": 127, "fields": {"name": "Can delete historical clasif servicio", "content_type": 32, "codename": "delete_historicalclasifservicio"}}, {"model": "auth.permission", "pk": 128, "fields": {"name": "Can view historical clasif servicio", "content_type": 32, "codename": "view_historicalclasifservicio"}}, {"model": "auth.permission", "pk": 129, "fields": {"name": "Can add fases procesos", "content_type": 33, "codename": "add_fasesprocesos"}}, {"model": "auth.permission", "pk": 130, "fields": {"name": "Can change fases procesos", "content_type": 33, "codename": "change_fasesprocesos"}}, {"model": "auth.permission", "pk": 131, "fields": {"name": "Can delete fases procesos", "content_type": 33, "codename": "delete_fasesprocesos"}}, {"model": "auth.permission", "pk": 132, "fields": {"name": "Can view fases procesos", "content_type": 33, "codename": "view_fasesprocesos"}}, {"model": "auth.permission", "pk": 133, "fields": {"name": "Can add egresos", "content_type": 34, "codename": "add_egresos"}}, {"model": "auth.permission", "pk": 134, "fields": {"name": "Can change egresos", "content_type": 34, "codename": "change_egresos"}}, {"model": "auth.permission", "pk": 135, "fields": {"name": "Can delete egresos", "content_type": 34, "codename": "delete_egresos"}}, {"model": "auth.permission", "pk": 136, "fields": {"name": "Can view egresos", "content_type": 34, "codename": "view_egresos"}}, {"model": "auth.permission", "pk": 137, "fields": {"name": "Can add log entry", "content_type": 35, "codename": "add_logentry"}}, {"model": "auth.permission", "pk": 138, "fields": {"name": "Can change log entry", "content_type": 35, "codename": "change_logentry"}}, {"model": "auth.permission", "pk": 139, "fields": {"name": "Can delete log entry", "content_type": 35, "codename": "delete_logentry"}}, {"model": "auth.permission", "pk": 140, "fields": {"name": "Can view log entry", "content_type": 35, "codename": "view_logentry"}}, {"model": "auth.permission", "pk": 141, "fields": {"name": "Can add permission", "content_type": 36, "codename": "add_permission"}}, {"model": "auth.permission", "pk": 142, "fields": {"name": "Can change permission", "content_type": 36, "codename": "change_permission"}}, {"model": "auth.permission", "pk": 143, "fields": {"name": "Can delete permission", "content_type": 36, "codename": "delete_permission"}}, {"model": "auth.permission", "pk": 144, "fields": {"name": "Can view permission", "content_type": 36, "codename": "view_permission"}}, {"model": "auth.permission", "pk": 145, "fields": {"name": "Can add group", "content_type": 37, "codename": "add_group"}}, {"model": "auth.permission", "pk": 146, "fields": {"name": "Can change group", "content_type": 37, "codename": "change_group"}}, {"model": "auth.permission", "pk": 147, "fields": {"name": "Can delete group", "content_type": 37, "codename": "delete_group"}}, {"model": "auth.permission", "pk": 148, "fields": {"name": "Can view group", "content_type": 37, "codename": "view_group"}}, {"model": "auth.permission", "pk": 149, "fields": {"name": "Can add user", "content_type": 38, "codename": "add_user"}}, {"model": "auth.permission", "pk": 150, "fields": {"name": "Can change user", "content_type": 38, "codename": "change_user"}}, {"model": "auth.permission", "pk": 151, "fields": {"name": "Can delete user", "content_type": 38, "codename": "delete_user"}}, {"model": "auth.permission", "pk": 152, "fields": {"name": "Can view user", "content_type": 38, "codename": "view_user"}}, {"model": "auth.permission", "pk": 153, "fields": {"name": "Can add content type", "content_type": 39, "codename": "add_contenttype"}}, {"model": "auth.permission", "pk": 154, "fields": {"name": "Can change content type", "content_type": 39, "codename": "change_contenttype"}}, {"model": "auth.permission", "pk": 155, "fields": {"name": "Can delete content type", "content_type": 39, "codename": "delete_contenttype"}}, {"model": "auth.permission", "pk": 156, "fields": {"name": "Can view content type", "content_type": 39, "codename": "view_contenttype"}}, {"model": "auth.permission", "pk": 157, "fields": {"name": "Can add session", "content_type": 40, "codename": "add_session"}}, {"model": "auth.permission", "pk": 158, "fields": {"name": "Can change session", "content_type": 40, "codename": "change_session"}}, {"model": "auth.permission", "pk": 159, "fields": {"name": "Can delete session", "content_type": 40, "codename": "delete_session"}}, {"model": "auth.permission", "pk": 160, "fields": {"name": "Can view session", "content_type": 40, "codename": "view_session"}}, {"model": "auth.user", "pk": 1, "fields": {"password": "pbkdf2_sha256$390000$I3CCKDih6JD3XcoaGIZBY4$WnEBklFqdg7ozE6kEScLk/DW8iaVMWbOMAVlb3TCxhI=", "last_login": "2023-01-24T01:18:13.280Z", "is_superuser": true, "username": "raulperez", "first_name": "", "last_name": "", "email": "ghoulrul@gmail.com", "is_staff": true, "is_active": true, "date_joined": "2022-12-29T16:42:31.993Z", "groups": [], "user_permissions": []}}, {"model": "contenttypes.contenttype", "pk": 1, "fields": {"app_label": "salones", "model": "tipoactividad"}}, {"model": "contenttypes.contenttype", "pk": 2, "fields": {"app_label": "salones", "model": "tipoevento"}}, {"model": "contenttypes.contenttype", "pk": 3, "fields": {"app_label": "salones", "model": "tiposervicio"}}, {"model": "contenttypes.contenttype", "pk": 4, "fields": {"app_label": "salones", "model": "foto"}}, {"model": "contenttypes.contenttype", "pk": 5, "fields": {"app_label": "salones", "model": "historicaltiposervicio"}}, {"model": "contenttypes.contenttype", "pk": 6, "fields": {"app_label": "salones", "model": "historicaltipoevento"}}, {"model": "contenttypes.contenttype", "pk": 7, "fields": {"app_label": "salones", "model": "historicaltipoactividad"}}, {"model": "contenttypes.contenttype", "pk": 8, "fields": {"app_label": "salones", "model": "historicalfoto"}}, {"model": "contenttypes.contenttype", "pk": 9, "fields": {"app_label": "salones", "model": "clasifservicio"}}, {"model": "contenttypes.contenttype", "pk": 10, "fields": {"app_label": "salones", "model": "desgloseservicio"}}, {"model": "contenttypes.contenttype", "pk": 11, "fields": {"app_label": "salones", "model": "detevento"}}, {"model": "contenttypes.contenttype", "pk": 12, "fields": {"app_label": "salones", "model": "encevento"}}, {"model": "contenttypes.contenttype", "pk": 13, "fields": {"app_label": "salones", "model": "enceventoopcion"}}, {"model": "contenttypes.contenttype", "pk": 14, "fields": {"app_label": "salones", "model": "estatusactividad"}}, {"model": "contenttypes.contenttype", "pk": 15, "fields": {"app_label": "salones", "model": "personaprincipal"}}, {"model": "contenttypes.contenttype", "pk": 16, "fields": {"app_label": "salones", "model": "procesos"}}, {"model": "contenttypes.contenttype", "pk": 17, "fields": {"app_label": "salones", "model": "seguimientoevento"}}, {"model": "contenttypes.contenttype", "pk": 18, "fields": {"app_label": "salones", "model": "tipopersona"}}, {"model": "contenttypes.contenttype", "pk": 19, "fields": {"app_label": "salones", "model": "ingresos"}}, {"model": "contenttypes.contenttype", "pk": 20, "fields": {"app_label": "salones", "model": "historicaltipopersona"}}, {"model": "contenttypes.contenttype", "pk": 21, "fields": {"app_label": "salones", "model": "historicalseguimientoevento"}}, {"model": "contenttypes.contenttype", "pk": 22, "fields": {"app_label": "salones", "model": "historicalprocesos"}}, {"model": "contenttypes.contenttype", "pk": 23, "fields": {"app_label": "salones", "model": "historicalpersonaprincipal"}}, {"model": "contenttypes.contenttype", "pk": 24, "fields": {"app_label": "salones", "model": "historicalingresos"}}, {"model": "contenttypes.contenttype", "pk": 25, "fields": {"app_label": "salones", "model": "historicalfasesprocesos"}}, {"model": "contenttypes.contenttype", "pk": 26, "fields": {"app_label": "salones", "model": "historicalestatusactividad"}}, {"model": "contenttypes.contenttype", "pk": 27, "fields": {"app_label": "salones", "model": "historicalenceventoopcion"}}, {"model": "contenttypes.contenttype", "pk": 28, "fields": {"app_label": "salones", "model": "historicalencevento"}}, {"model": "contenttypes.contenttype", "pk": 29, "fields": {"app_label": "salones", "model": "historicalegresos"}}, {"model": "contenttypes.contenttype", "pk": 30, "fields": {"app_label": "salones", "model": "historicaldetevento"}}, {"model": "contenttypes.contenttype", "pk": 31, "fields": {"app_label": "salones", "model": "historicaldesgloseservicio"}}, {"model": "contenttypes.contenttype", "pk": 32, "fields": {"app_label": "salones", "model": "historicalclasifservicio"}}, {"model": "contenttypes.contenttype", "pk": 33, "fields": {"app_label": "salones", "model": "fasesprocesos"}}, {"model": "contenttypes.contenttype", "pk": 34, "fields": {"app_label": "salones", "model": "egresos"}}, {"model": "contenttypes.contenttype", "pk": 35, "fields": {"app_label": "admin", "model": "logentry"}}, {"model": "contenttypes.contenttype", "pk": 36, "fields": {"app_label": "auth", "model": "permission"}}, {"model": "contenttypes.contenttype", "pk": 37, "fields": {"app_label": "auth", "model": "group"}}, {"model": "contenttypes.contenttype", "pk": 38, "fields": {"app_label": "auth", "model": "user"}}, {"model": "contenttypes.contenttype", "pk": 39, "fields": {"app_label": "contenttypes", "model": "contenttype"}}, {"model": "contenttypes.contenttype", "pk": 40, "fields": {"app_label": "sessions", "model": "session"}}, {"model": "sessions.session", "pk": "1gd6z7ixr7ox15i3aca48l2qkwntd4jn", "fields": {"session_data": ".eJxVjEEOwiAQRe_C2hAGCgWX7j0DmYFBqoYmpV0Z765NutDtf-_9l4i4rTVunZc4ZXEWIE6_G2F6cNtBvmO7zTLNbV0mkrsiD9rldc78vBzu30HFXr-1scEk8E5xCsaizzCg1-AsB9JKAZdS9MgekAdmNlqPwSEnokyQoYj3B9NVOFs:1pFjew:pUTJHWDhlmeoBKanc-SzB6s_UIKUq-pkcKKPsV-q51g", "expire_date": "2023-01-25T22:33:26.458Z"}}, {"model": "sessions.session", "pk": "mx6mz2agov1uz8rv56afcuc8q9o747w6", "fields": {"session_data": ".eJxVjEEOwiAQRe_C2hAGCgWX7j0DmYFBqoYmpV0Z765NutDtf-_9l4i4rTVunZc4ZXEWIE6_G2F6cNtBvmO7zTLNbV0mkrsiD9rldc78vBzu30HFXr-1scEk8E5xCsaizzCg1-AsB9JKAZdS9MgekAdmNlqPwSEnokyQoYj3B9NVOFs:1pIzFv:8Wk_raZs1N3eUKqTKtqq11O2TiZ3AvZIGlfJ8bjB6rU", "expire_date": "2023-02-03T21:49:03.800Z"}}, {"model": "sessions.session", "pk": "ocf1auqexmcahrkr4xby9dboveyi3ifp", "fields": {"session_data": ".eJxVjEEOwiAQRe_C2hAGCgWX7j0DmYFBqoYmpV0Z765NutDtf-_9l4i4rTVunZc4ZXEWIE6_G2F6cNtBvmO7zTLNbV0mkrsiD9rldc78vBzu30HFXr-1scEk8E5xCsaizzCg1-AsB9JKAZdS9MgekAdmNlqPwSEnokyQoYj3B9NVOFs:1pEtSX:09TU3TnDqQJlc1oq9QjhYKoZOJ4PG0fqSIFtyhM3AAA", "expire_date": "2023-01-23T14:49:09.394Z"}}, {"model": "sessions.session", "pk": "oq2b0ghfc8522pkhstl9tkfhs70xrk9y", "fields": {"session_data": ".eJxVjEEOwiAQRe_C2hAGCgWX7j0DmYFBqoYmpV0Z765NutDtf-_9l4i4rTVunZc4ZXEWIE6_G2F6cNtBvmO7zTLNbV0mkrsiD9rldc78vBzu30HFXr-1scEk8E5xCsaizzCg1-AsB9JKAZdS9MgekAdmNlqPwSEnokyQoYj3B9NVOFs:1pK4qO:fIyNfUYj6Mgbnn2u_v8A4UEeThGd1_U21DIW4fb_xB8", "expire_date": "2023-02-06T21:59:12.897Z"}}, {"model": "sessions.session", "pk": "yesety1n4yd1tsxepsk2l98zp1nlgu3q", "fields": {"session_data": ".eJxVjEEOwiAQRe_C2hAGCgWX7j0DmYFBqoYmpV0Z765NutDtf-_9l4i4rTVunZc4ZXEWIE6_G2F6cNtBvmO7zTLNbV0mkrsiD9rldc78vBzu30HFXr-1scEk8E5xCsaizzCg1-AsB9JKAZdS9MgekAdmNlqPwSEnokyQoYj3B9NVOFs:1pEtQc:77IEeSKZotqQnZjJsgP_kE9WgNcUrB3dfpEtlyH2DlA", "expire_date": "2023-01-23T14:47:10.198Z"}}, {"model": "sessions.session", "pk": "zwot4es97bowicldwel0n61hyzsgm816", "fields": {"session_data": ".eJxVjEEOwiAQRe_C2hAGCgWX7j0DmYFBqoYmpV0Z765NutDtf-_9l4i4rTVunZc4ZXEWIE6_G2F6cNtBvmO7zTLNbV0mkrsiD9rldc78vBzu30HFXr-1scEk8E5xCsaizzCg1-AsB9JKAZdS9MgekAdmNlqPwSEnokyQoYj3B9NVOFs:1pK7wz:kzZ4wwtLlCahQ2L7oaS8joZNFwGALFcZHiNuOsxqLrw", "expire_date": "2023-02-07T01:18:13.290Z"}}]
